<?xml version="1.0" encoding="UTF-8"?>
<!DOCTYPE mapper PUBLIC "-//mybatis.org//DTD Mapper 3.0//EN"
  "http://mybatis.org/dtd/mybatis-3-mapper.dtd">

<mapper namespace="com.icia.semi.dao.SemiDao">

<!-- 게시글 기능-->
	<select id="getContentList" resultType="content">
		SELECT * FROM contentlist
		LIMIT
		#{pageNum},#{listCnt}
	</select>

	<insert id="insertContent" parameterType="content">
		INSERT INTO content_tbl
		VALUES(null, #{c_name} , #{c_storename}, #{c_time} , #{c_money} ,
		#{c_address} ,
		#{c_day}, #{c_content} , #{p_sysname})
	</insert>


	<select id="selectContent" parameterType="Integer"
		resultType="content">
		SELECT * FROM contentList
		WHERE c_id = #{c_id}
	</select>

	<update id="updateContent" parameterType="content">
		UPDATE content_tbl
		SET
		c_name=#{c_name},c_storename=#{c_storename},c_content=#{c_content},c_money=#{c_money},c_address=#{c_address},c_day=#{c_day},c_time=#{c_time},p_sysname=#{p_sysname}
		WHERE c_id=#{c_id}
	</update>
	
	<delete id="deleteContent" parameterType="Integer">
	DELETE FROM content_tbl
	WHERE c_id = #{c_id}
	</delete>
	
	<!-- 회원가입 기능-->
	
	<select id="checkDuplicateId" parameterType ="string" resultType ="Integer">
	SELECT COUNT(*) FROM memberjoin_table WHERE m_id = #{m_id}
	</select>
	
	<insert id="insertMember" parameterType ="com.icia.semi.dto.memberDto">
	INSERT INTO memberjoin_table
	VALUES (
		null,
		#{m_id},
		#{m_pass},
		#{m_name},
		#{m_birth}
	)
	</insert>
	
	<select id= "login" parameterType ="member" resultType = "member">
		SELECT * FROM memberjoin_table WHERE m_id = #{m_id} AND m_pass=#{m_pass}
	</select>
</mapper>